,mean,std
0,127.89125543689084,273.47268682645625
